<?xml version="1.0" encoding="UTF-8"?>
<beans xmlns="http://www.springframework.org/schema/beans"
	xmlns:context="http://www.springframework.org/schema/context"
	xmlns:xsi="http://www.w3.org/2001/XMLSchema-instance" xmlns:mvc="http://www.springframework.org/schema/mvc"
	xmlns:tx="http://www.springframework.org/schema/tx"
	xsi:schemaLocation="
        http://www.springframework.org/schema/beans
        http://www.springframework.org/schema/beans/spring-beans.xsd
        http://www.springframework.org/schema/context
        http://www.springframework.org/schema/context/spring-context.xsd
        http://www.springframework.org/schema/mvc
        http://www.springframework.org/schema/mvc/spring-mvc.xsd
        http://www.springframework.org/schema/tx
        http://www.springframework.org/schema/tx/spring-tx.xsd">

	<bean
		class="org.springframework.web.servlet.view.InternalResourceViewResolver">
		<property name="prefix">
			<value>/WEB-INF/pages/</value>
		</property>
		<property name="suffix">
			<value>.jsp</value>
		</property>
	</bean>

	<bean id="myOracledataSource" class="org.springframework.jdbc.datasource.DriverManagerDataSource">
			<property name="driverClassName" value="oracle.jdbc.OracleDriver" />
			<property name="url" value="jdbc:oracle:thin:@localhost:1521:XE" />
			<property name="username" value="edac" />
			<property name="password" value="metiit" />
	</bean>
	
	<!-- <bean id="mySQLDataSource" class="org.springframework.jdbc.datasource.DriverManagerDataSource">
			<property name="driverClassName" value="oracle.jdbc.OracleDriver" />
			<property name="url" value="jdbc:oracle:thin:@localhost:1521:XE" />
			<property name="username" value="edac" />
			<property name="password" value="metiit" />
	</bean> -->


	<mvc:annotation-driven />
	
	<mvc:resources mapping="/resources/**" location="/resources/"></mvc:resources>

	<context:component-scan base-package="com.met.*"></context:component-scan>

</beans>        



